{"cameraMode":{"drawMode":0,"name":"Shaded","section":"Shading Mode"},"sceneLighting":false,"audioPlay":false,"sceneViewState":{"showFog":true,"showMaterialUpdate":false,"showSkybox":false,"showFlares":true,"showImageEffects":true,"showParticleSystems":true},"in2DMode":false,"pivot":{"x":0.05951875448226929,"y":0.09058568626642227,"z":-0.06217460334300995},"rotation":{"x":-0.002986657666042447,"y":0.7024424076080322,"z":0.0029398463666439058,"w":0.711758017539978},"size":0.7959577441215515,"orthographic":false}