{"cameraMode":{"drawMode":0,"name":"Shaded","section":"Shading Mode"},"sceneLighting":false,"audioPlay":false,"sceneViewState":{"showFog":true,"showMaterialUpdate":false,"showSkybox":false,"showFlares":true,"showImageEffects":true,"showParticleSystems":true},"in2DMode":false,"pivot":{"x":-0.13134361803531648,"y":0.048595912754535678,"z":0.12167859822511673},"rotation":{"x":-0.055033065378665927,"y":0.9142786860466003,"z":-0.1328631341457367,"w":-0.3787074387073517},"size":0.37484103441238406,"orthographic":false}