{"cameraMode":{"drawMode":0,"name":"Shaded","section":"Shading Mode"},"sceneLighting":false,"audioPlay":false,"sceneViewState":{"showFog":true,"showMaterialUpdate":false,"showSkybox":false,"showFlares":true,"showImageEffects":true,"showParticleSystems":true},"in2DMode":false,"pivot":{"x":0.0009489357471466064,"y":-0.006971955299377441,"z":0.0},"rotation":{"x":-0.07960976660251618,"y":-0.7801101207733154,"z":0.10144174098968506,"w":-0.6122162342071533},"size":4.884713172912598,"orthographic":false}