{"cameraMode":{"drawMode":0,"name":"Shaded","section":"Shading Mode"},"sceneLighting":false,"audioPlay":false,"sceneViewState":{"showFog":true,"showMaterialUpdate":false,"showSkybox":false,"showFlares":true,"showImageEffects":true,"showParticleSystems":true},"in2DMode":false,"pivot":{"x":0.13580739498138429,"y":0.3701291084289551,"z":0.030234217643737794},"rotation":{"x":0.0765719786286354,"y":0.6918097138404846,"z":-0.07417400181293488,"w":0.7141702175140381},"size":5.488903999328613,"orthographic":false}