{"cameraMode":{"drawMode":0,"name":"Shaded","section":"Shading Mode"},"sceneLighting":false,"audioPlay":false,"sceneViewState":{"showFog":true,"showMaterialUpdate":false,"showSkybox":false,"showFlares":true,"showImageEffects":true,"showParticleSystems":true},"in2DMode":false,"pivot":{"x":-1.2160000801086426,"y":0.781999945640564,"z":4.609000205993652},"rotation":{"x":-0.06257187575101853,"y":-0.9227774143218994,"z":0.16964469850063325,"w":-0.34039029479026797},"size":4.528194904327393,"orthographic":false}