{"cameraMode":{"drawMode":0,"name":"Shaded","section":"Shading Mode"},"sceneLighting":true,"audioPlay":false,"sceneViewState":{"showFog":true,"showMaterialUpdate":false,"showSkybox":true,"showFlares":true,"showImageEffects":true,"showParticleSystems":true},"in2DMode":false,"pivot":{"x":28.04050636291504,"y":-1.593945026397705,"z":14.665576934814454},"rotation":{"x":-0.3863184154033661,"y":0.521212637424469,"z":-0.28543055057525637,"w":-0.7054901719093323},"size":13.994181632995606,"orthographic":false}