{"cameraMode":{"drawMode":0,"name":"Shaded","section":"Shading Mode"},"sceneLighting":false,"audioPlay":false,"sceneViewState":{"showFog":true,"showMaterialUpdate":false,"showSkybox":false,"showFlares":true,"showImageEffects":true,"showParticleSystems":true},"in2DMode":false,"pivot":{"x":1.62515789270401e-7,"y":-0.008117344230413437,"z":0.020111992955207826},"rotation":{"x":-0.14756225049495698,"y":-0.07178225368261337,"z":0.007970839738845826,"w":-0.9869567155838013},"size":0.4850814640522003,"orthographic":false}