{"cameraMode":{"drawMode":0,"name":"Shaded","section":"Shading Mode"},"sceneLighting":false,"audioPlay":false,"sceneViewState":{"showFog":true,"showMaterialUpdate":false,"showSkybox":false,"showFlares":true,"showImageEffects":true,"showParticleSystems":true},"in2DMode":false,"pivot":{"x":-3.081376314163208,"y":-4.821113109588623,"z":-5.670056343078613},"rotation":{"x":-0.05013597756624222,"y":0.9556741118431091,"z":-0.2625582814216614,"w":-0.1401471048593521},"size":22.445388793945314,"orthographic":false}