{"cameraMode":{"drawMode":0,"name":"Shaded","section":"Shading Mode"},"sceneLighting":true,"audioPlay":false,"sceneViewState":{"showFog":true,"showMaterialUpdate":false,"showSkybox":false,"showFlares":true,"showImageEffects":true,"showParticleSystems":true},"in2DMode":false,"pivot":{"x":-2.299999952316284,"y":-0.4284365177154541,"z":11.739999771118164},"rotation":{"x":-0.16541481018066407,"y":-0.29614153504371645,"z":0.05213908478617668,"w":-0.9393239617347717},"size":16.004150390625,"orthographic":false}