{"cameraMode":{"drawMode":0,"name":"Shaded","section":"Shading Mode"},"sceneLighting":false,"audioPlay":false,"sceneViewState":{"showFog":true,"showMaterialUpdate":false,"showSkybox":false,"showFlares":true,"showImageEffects":true,"showParticleSystems":true},"in2DMode":false,"pivot":{"x":1.460997223854065,"y":0.4169696569442749,"z":14.789999961853028},"rotation":{"x":-0.1665010154247284,"y":-0.6721258759498596,"z":0.15897341072559358,"w":-0.704191267490387},"size":0.11720192432403565,"orthographic":false}