{"cameraMode":{"drawMode":0,"name":"Shaded","section":"Shading Mode"},"sceneLighting":false,"audioPlay":false,"sceneViewState":{"showFog":true,"showMaterialUpdate":false,"showSkybox":false,"showFlares":true,"showImageEffects":true,"showParticleSystems":true},"in2DMode":false,"pivot":{"x":-1.1897118091583253,"y":0.7578838467597961,"z":21.575092315673829},"rotation":{"x":0.12911328673362733,"y":0.31610167026519778,"z":-0.03766333684325218,"w":0.9397881031036377},"size":10.554824829101563,"orthographic":false}