{"cameraMode":{"drawMode":0,"name":"Shaded","section":"Shading Mode"},"sceneLighting":false,"audioPlay":false,"sceneViewState":{"showFog":true,"showMaterialUpdate":false,"showSkybox":false,"showFlares":true,"showImageEffects":true,"showParticleSystems":true},"in2DMode":false,"pivot":{"x":-0.09571101516485214,"y":0.004168520215898752,"z":-0.01974719762802124},"rotation":{"x":0.15528100728988648,"y":0.42315635085105898,"z":-0.0738600343465805,"w":0.8896008133888245},"size":1.1939857006072999,"orthographic":false}