{"cameraMode":{"drawMode":0,"name":"Shaded","section":"Shading Mode"},"sceneLighting":false,"audioPlay":false,"sceneViewState":{"showFog":true,"showMaterialUpdate":false,"showSkybox":false,"showFlares":true,"showImageEffects":true,"showParticleSystems":true},"in2DMode":false,"pivot":{"x":-0.5122013092041016,"y":-0.8733008503913879,"z":-0.004014886915683746},"rotation":{"x":-0.334476113319397,"y":0.6605015397071838,"z":-0.42823508381843569,"w":-0.5197837948799133},"size":1.0972199440002442,"orthographic":false}